Title,Preço Normal,Preço em Promoção,Link Produto
"Monitor VX Pro 15.4 LED, HD, HDMI/VGA, VESA, Preto - VX154Z PRO","R$ 422,21","R$ 319,99",https://www.kabum.com.br/produto/356912/monitor-vx-pro-15-4-led-hd-hdmi-vga-vesa-preto-vx154z-pro
"Monitor LG 19.5 HD, 60Hz, 2ms, Split, VGA e HDMI, Ajuste De Inclinação, Reader Mode, 4-Screen, Preto - 20MK400H-B","R$ 557,79","R$ 499,90",https://www.kabum.com.br/produto/119721/monitor-lg-19-5-hd-60hz-2ms-split-vga-e-hdmi-ajuste-de-inclinacao-reader-mode-4-screen-preto-20mk400h-b
"Monitor AOC LED 18.5´, HDMI/VGA, 5ms - E970SWHNL","R$ 999,99","R$ 519,99",https://www.kabum.com.br/produto/119950/monitor-aoc-led-18-5-hdmi-vga-5ms-e970swhnl
"Monitor Husky 700 22 LED, 75 Hz, Full HD, HDMI e VGA, VESA, Ajuste de Ângulo - HOFC005","R$ 955,67","R$ 579,99",https://www.kabum.com.br/produto/364450/monitor-husky-700-22-led-75-hz-full-hd-hdmi-e-vga-vesa-ajuste-de-angulo-hofc005
"Monitor HQ 21.5 LED, Full HD, HDMI/VGA, VESA, Ajuste de Inclinação - 22HQ-LED","R$ 824,43","R$ 599,99",https://www.kabum.com.br/produto/101767/monitor-hq-21-5-led-full-hd-hdmi-vga-vesa-ajuste-de-inclinacao-22hq-led
"Monitor Dell 18.5 LED, HD, VGA/DisplayPort, VESA, Preto - E1920H","R$ 817,77","R$ 659,99",https://www.kabum.com.br/produto/149463/monitor-dell-18-5-led-hd-vga-displayport-vesa-preto-e1920h
"Monitor LG 23.8' IPS, Full HD, HDMI, VESA, Ajuste de Ângulo - 24MK430H","R$ 965,90","R$ 699,99",https://www.kabum.com.br/produto/99866/monitor-lg-23-8-ips-full-hd-hdmi-vesa-ajuste-de-angulo-24mk430h
"Monitor AOC 21.5 LED Full HD, HDMI e VGA, VESA, Adaptive Sync, Low Blue Light - 22B1HM5","R$ 915,54","R$ 699,99",https://www.kabum.com.br/produto/189220/monitor-aoc-21-5-led-full-hd-hdmi-e-vga-vesa-adaptive-sync-low-blue-light-22b1hm5
"Monitor Acer 21.5, LED, HDMI/VGA, Full HD, VESA, FreeSync, Zero Frame, Preto - V227Q A","R$ 1.149,99","R$ 759,99",https://www.kabum.com.br/produto/252936/monitor-acer-21-5-led-hdmi-vga-full-hd-vesa-freesync-zero-frame-preto-v227q-a
"Monitor Gamer Samsung 22' IPS, 75 Hz, Full HD, FreeSync, HDMI/VGA, VESA - LF22T350FHLMZD","R$ 1.044,43","R$ 759,99",https://www.kabum.com.br/produto/168369/monitor-gamer-samsung-22-ips-75-hz-full-hd-freesync-hdmi-vga-vesa-lf22t350fhlmzd
"Monitor Samsung 24 Full HD, 75Hz, IPS,HDMI e DisplayPort, FreeSync, Ajuste de Angulo, VESA - LF24T450FQLMZD","R$ 1.222,21","R$ 759,99",https://www.kabum.com.br/produto/420225/monitor-samsung-24-full-hd-75hz-ips-hdmi-e-displayport-freesync-ajuste-de-angulo-vesa-lf24t450fqlmzd
"Monitor AOC 23.8' LED, Wide, Full HD, HDMI/VGA, VESA, Low Blue Light, Adaptive Sync - 24B1XHM","R$ 1.168,88","R$ 799,99",https://www.kabum.com.br/produto/156667/monitor-aoc-23-8-led-wide-full-hd-hdmi-vga-vesa-low-blue-light-adaptive-sync-24b1xhm
"Monitor Samsung 24 LED Curvo Full HD, Wide, HDMI, VESA, FreeSync, Ajuste de Ângulo - LC24F390FHLMZD","R$ 1.111,10","R$ 859,99",https://www.kabum.com.br/produto/94933/monitor-samsung-24-led-curvo-full-hd-wide-hdmi-vesa-freesync-ajuste-de-angulo-lc24f390fhlmzd
"Monitor Gamer LG 26 IPS, Ultra Wide, 75Hz, Full HD, 1ms, FreeSync Premium, HDR 10, 99% sRGB, HDMI, VESA - 26WQ500","R$ 1.136,35","R$ 899,99",https://www.kabum.com.br/produto/371253/monitor-gamer-lg-26-ips-ultra-wide-75hz-full-hd-1ms-freesync-premium-hdr-10-99-srgb-hdmi-vesa-26wq500
"Monitor Gamer LG 27 Full HD, IPS, HDMI e VESA, FreeSync, Ajuste de Ângulo, Bordas Finas - 27MP400-B","R$ 1.194,31","R$ 899,99",https://www.kabum.com.br/produto/323895/monitor-gamer-lg-27-full-hd-ips-hdmi-e-vesa-freesync-ajuste-de-angulo-bordas-finas-27mp400-b
"Monitor Gamer Acer 23.8' LED, 75 Hz, Full HD, 1ms, FreeSync, HDMI/VGA, VESA - KA242Y A","R$ 1.222,21","R$ 989,99",https://www.kabum.com.br/produto/140677/monitor-gamer-acer-23-8-led-75-hz-full-hd-1ms-freesync-hdmi-vga-vesa-ka242y-a
"Monitor Gamer Concordia PCFort 27 LED Full HD, 165Hz, 1ms, HDMI e DisplayPort, DVI, FreeSync, Ajuste de Ângulo - T2701","R$ 1.355,54","R$ 999,99",https://www.kabum.com.br/produto/384792/monitor-gamer-concordia-pcfort-27-led-full-hd-165hz-1ms-hdmi-e-displayport-dvi-freesync-ajuste-de-angulo-t2701
"Monitor Gamer Concórdia 23,8 LED Full HD, 165Hz, 1ms, HDMI/DisplayPort, FreeSync, Preto e Prata - R200s","R$ 1.228,88","R$ 999,99",https://www.kabum.com.br/produto/365026/monitor-gamer-concordia-23-8-led-full-hd-165hz-1ms-hdmi-displayport-freesync-preto-e-prata-r200s
"Monitor Smart Samsung 24 Full HD, HDMI e VESA, IPS, SmartHub, HDR, Bluetooth, Plataforma Tizen, AirPlay 2 - LS24AM506NLMZD","R$ 1.444,43","R$ 999,99",https://www.kabum.com.br/produto/168356/monitor-smart-samsung-24-full-hd-hdmi-e-vesa-ips-smarthub-hdr-bluetooth-plataforma-tizen-airplay-2-ls24am506nlmzd
"Monitor Acer Vero 27 Full HD, 75Hz, 4ms, IPS, VGA e DisplayPort, VESA, Ajuste de Altura - BR277","R$ 1.999,99","R$ 999,99",https://www.kabum.com.br/produto/397024/monitor-acer-vero-27-full-hd-75hz-4ms-ips-vga-e-displayport-vesa-ajuste-de-altura-br277
